A1,A3,A5,A7,A9,AA1,AA3,AA5,AA7,AA9,R1,R3,R5,R7,R9,sex,class
278,378,571,800,814,7.21,6.14,4.35,2.07,2,0.36,1.02,0.98,0.79,0.82,2,1
185,228,350,300,357,7.23,7.28,6.21,6.64,5.92,1.7,1.72,0.97,1.45,1.42,2,1
200,285,257,385,357,2.71,3.21,2.85,4.21,4.64,0.79,1.08,1.69,1.54,2.1,2,1
421,392,385,500,442,7.42,6.92,7,6.07,6.5,0.24,0.69,1.22,1.24,1.25,2,1
114,200,342,471,664,1.78,2.14,2.78,3.07,4.14,3.19,2.04,1.69,1.62,1.26,2,1
471,553,458,590,566,5.5,5.28,5.07,5.78,5.14,0.21,0.36,1.15,1.15,1.19,2,1
171,242,228,335,485,5.85,5.28,5.14,5.92,5.57,0.79,0.86,2.07,1.65,1.67,2,1
307,428,371,442,407,6.28,5.57,5.35,5.42,5.21,0.33,0.5,1.31,1.53,1.74,2,1
257,264,264,250,271,4.07,3.71,4.07,4.78,4.5,0.42,0.57,0.81,0.97,1.13,2,1
128,271,171,285,157,1.14,1,1,1,1.14,2.4,1.21,2.71,1.38,2.73,2,1
407,371,528,521,464,6.92,6.21,7.21,6.64,6.35,0.63,0.88,0.89,0.69,0.97,2,1
514,428,585,771,714,4.71,5.57,3.85,3.14,4,0.39,0.63,0.7,0.56,0.72,2,1
578,664,535,571,550,5.75,6.64,5.35,5.71,5.5,0.51,0.61,0.76,0.9,0.92,2,1
335,408,392,457,435,8.64,7.92,8.35,8.71,8.35,0.62,1.03,1.42,1.51,1.69,2,1
121,135,150,257,242,4.64,4.71,3.92,4.14,4.57,0.94,1.74,2.76,2.25,2.89,2,1
235,235,421,421,428,5.85,4.85,6.35,6.28,7.07,0.54,0.85,0.91,1.39,1.62,2,1
607,592,400,392,407,5.84,5.92,4.3,4.14,4.42,0.21,0.38,0.73,0.93,1.07,2,1
100,150,500,650,700,8,7,3.5,2,2.5,2,2.19,1.04,0.9,0.99,2,1
128,186,192,164,164,2.35,2.15,2.46,2,2.14,2.07,1.92,2.07,2.2,2.18,2,1
128,164,135,135,142,2.64,2.42,2.57,2.5,2.64,2.01,1.83,3.81,4.6,5.23,2,1
292,442,369,515,475,7.23,6.14,6.3,7.16,7.25,0.71,0.92,1.18,1,1.4,2,1
371,378,285,414,450,4.64,3.57,2.78,3.64,3.85,0.66,1.13,1.78,1.12,0.87,2,1
317,442,350,450,410,3.21,3.35,3,3.35,3.57,0.4,0.4,0.92,0.76,0.94,2,1
457,542,428,364,478,5.28,4.35,4.64,5.07,5.07,0.31,0.37,1.02,1.46,1.21,2,1
364,385,414,407,435,7.07,8,7.35,7.78,8,0.59,1.44,1.43,1.56,1.84,2,1
364,385,414,407,435,7.07,8,7.35,7.78,8,0.59,1.44,1.43,1.56,1.84,2,1
250,271,242,238,364,2.5,2.78,2.78,2.46,3.64,1.54,1.74,2.27,2.64,1.92,1,1
421,330,307,323,515,5.21,4.77,4.21,4.54,5.92,0.34,0.56,0.98,1.57,1.33,1,1
250,250,228,207,300,9,9,8.43,9,9,0.91,1.11,1.25,1.55,0.74,1,1
192,257,342,278,221,7.43,6.5,6.57,6.57,7.07,1.74,1.58,1.17,1.67,1.52,1,1
178,214,235,285,350,6.85,6.85,5.93,6.43,6.28,1.47,1.77,1.75,1.89,1.7,1,1
142,200,185,192,235,7.93,7,7.07,7,6.86,0.9,1.21,2.39,2.3,2.09,1,1
578,642,607,521,471,5.5,6.28,5.78,5.07,4.5,0.51,0.59,0.63,0.73,1.47,1,1
321,335,315,392,400,3.14,3.35,3.23,4,4,0.6,0.66,1.04,0.98,1.11,1,1
142,142,206,171,157,7.57,7.5,7.71,7.5,7.71,0.7,0.7,0.52,0.71,0.96,1,1
192,228,267,307,364,7.71,7.64,6.79,7.14,5.93,0.89,1.05,1.36,1.76,1.69,1,1
157,157,328,585,671,2.43,4.28,5.28,6.28,4.42,0.64,2.04,1.33,0.96,1.03,1,1
121,192,207,321,421,7.62,7.36,6.93,5.93,6.36,1.2,1.2,1.28,1.03,0.88,1,1
121,146,121,135,235,9,9,8.71,8.43,8,1.06,1.12,2.18,1.64,1.49,1,1
135,285,407,500,671,8.57,6.86,5.71,4.79,3.21,0.74,0.7,0.98,0.9,0.97,1,1
300,350,294,343,421,5.43,5.36,5.14,5.14,4.71,0.43,0.53,0.78,0.75,0.91,1,1
121,150,264,235,621,8.93,9,8.93,8.78,9,0.94,1.67,1.35,2.22,1.1,1,1
107,129,186,342,507,7.85,8.64,7.43,6.71,5.28,1.65,2.16,2.11,1.42,1.22,1,1
435,500,464,478,500,3.21,2.93,2.86,3.21,2.85,0.44,0.51,0.69,0.93,1.17,1,1
221,293,293,314,435,4.14,4.78,4.35,4.28,5.57,0.55,0.61,0.8,0.98,0.95,1,1
347,467,403,450,443,4.86,4.57,4.71,4.64,4.35,0.7,0.74,0.95,0.9,1.12,1,1
107,114,171,207,264,8.93,8.85,8.42,8.42,7.78,2.13,2.38,2.01,2.42,2.33,1,1
171,264,278,221,300,8.23,8.07,7.93,7.57,7.07,1.71,1.48,1.23,1.81,1.17,1,1
157,185,157,200,221,7.29,7.71,7.93,8.21,8.14,1.18,2.04,3.48,3.03,3.67,1,1
128,142,143,207,193,1.21,1.5,1.14,1.07,1,0.77,0.81,1.6,1.52,1.78,1,1
425,370,429,469,543,5.5,6,5.64,4.53,4.5,0.79,1.29,1.35,1.45,1.07,1,1
478,378,492,457,476,2.07,2.57,2.28,2.5,4.07,0.45,1.06,0.81,0.69,1.11,1,1
200,250,500,600,700,7,7,7,6.57,6.9,0.5,0.57,0.71,1.1,1,1,1
114,135,243,250,193,8.42,9,9,7.85,8.42,0.88,1.01,0.62,0.88,1.33,1,1
361,271,285,321,328,8.3,8.85,8.43,8.78,8.14,1.01,1.53,1.6,1.16,1.63,1,1
466,542,716,610,492,1.3,1,1,1,1,0.64,0.74,0.7,0.49,1.22,1,1
221,185,178,214,200,8.35,7.92,8.21,8.5,7.64,1,1.62,1.81,2.13,2.5,1,1
107,135,164,214,278,6.78,6.07,5.35,4.5,3.64,0.93,1.01,1.09,1,0.95,1,1
353,200,333,350,354,6.46,6.56,5.5,5.5,6.1,0.48,1.56,1.34,0.83,1,1,1
114,185,142,128,138,1.21,1.07,1.28,1.35,1.23,0.88,1.01,1.51,2.41,2.9,1,1
321,314,185,185,285,1.14,1.07,1.07,1,1,0.31,0.66,1.12,1.31,0.98,1,1
442,357,464,400,300,2.14,2.71,1.57,1,2.14,0.4,0.68,0.71,0.88,1.12,1,1
160,224,333,377,489,9,9,9,9,9,0.68,1.31,1.23,1.78,1.55,1,1
200,145,166,175,283,1.7,1.4,1,1.25,1.33,0.64,1.17,1.2,1.23,0.86,1,1
150,150,257,314,414,2.64,3.07,2.64,2.71,3.78,1.14,1.57,1.44,1.5,1.5,1,1
157,271,157,223,300,7.85,6.71,8.42,7.76,7.56,0.86,0.79,2.41,2.84,2.51,1,1
453,568,513,622,510,4.46,5.43,4.85,5.7,4.75,0.57,0.77,0.92,0.78,1.18,1,1
257,350,471,400,571,5.57,5,3.29,5,3.28,0.53,1.71,1.5,1.33,1.24,1,1
192,542,628,735,753,8.42,3.29,2.71,1,1,1.08,0.49,0.74,0.93,0.84,1,1
150,164,207,193,221,1.71,1.78,1.64,2,2.28,0.64,0.7,0.86,1.08,1.24,1,1
135,150,228,471,350,8.57,7.71,6.64,4.43,5.35,1.02,2.19,1.41,0.96,1.66,2,0
53,175,307,300,392,8.86,7.5,6.43,6.07,5.36,3.02,1.46,1.44,2.12,1.79,1,0
150,185,335,600,700,8.5,8.14,6.64,4,1.79,1.43,2.31,1.96,1.29,1.29,2,0
104,150,228,464,585,8.57,8.43,7.21,4.36,4.85,1.01,1.43,1.29,0.77,0.99,2,0
192,321,464,678,714,7.71,6.14,4.5,2.57,2.36,1.56,1.38,1.29,1.07,1.12,1,0
100,100,136,171,236,9,9,8.43,8,7.29,1.23,2.36,2.68,3.13,2.78,1,0
175,307,385,535,671,8.42,7,6.75,5.22,3.29,1.38,1.05,1.24,1.07,1,1,0
53,89,139,250,435,8.93,8.21,7.57,6.86,5.36,2.21,4.09,3.18,2.97,1.94,1,0
215,283,343,392,478,8.29,7.29,7.21,7.07,6.36,0.66,1.01,1.44,1.29,1.51,1,0
128,157,185,242,300,8.71,8.42,8.14,7.64,7.98,1.5,1.64,1.74,1.83,1.95,1,0
107,192,335,464,578,8.85,8.14,7.14,6.14,5.71,1.26,1.11,0.94,0.95,1.05,1,0
114,200,250,292,385,8.78,8.07,7.71,7.57,7.07,1.5,1.39,1.43,1.66,1.52,2,0
100,150,221,278,378,8.85,8.28,6.92,6.57,4.92,1,2.09,1.68,1.62,1.48,2,0
178,271,278,421,571,8.07,7.28,7.21,6.28,5.5,1.32,1.72,2,1.98,1.51,2,0
171,200,285,414,550,8.07,7.71,5.42,4.71,2.64,1.21,1.54,1.65,1.26,1.06,2,0
128,192,264,307,300,8.42,8,7.28,7.14,7.35,1.45,1.52,1.59,1.93,2.24,1,0
150,214,292,350,435,8.71,8.28,7.5,7,6.28,0.95,1.7,1.71,1.59,1.86,2,0
121,164,217,275,285,8.78,8.5,7.78,7,6.85,1.65,1.91,1.74,1.64,1.68,1,0
107,114,207,278,392,8.92,8.78,7.64,6.78,6.07,0.93,1.82,1.14,1.15,0.98,2,0
57,64,171,253,264,8.85,8.71,7.71,6.78,6.57,0.93,1.78,1.25,1.13,1.57,2,0
307,442,478,557,621,6.71,5.57,5.35,4.57,4,0.72,0.94,1.18,1.06,1.23,2,0
400,414,478,571,635,4.57,5.92,5,3.64,3.21,1.22,1.22,1.22,1.24,1.22,2,0
164,235,314,392,478,7.78,6.92,5.71,5.14,4.5,1.39,1.43,1.32,1.46,1.31,2,0
145,196,213,237,269,6.14,5.5,5.21,5.21,4.71,0.7,0.8,1.44,1.41,1.33,2,0
128,314,385,528,581,7.14,4.8,5.42,5,3.14,1.23,0.93,1.04,1.05,1.1,2,0
100,135,285,407,492,3.1,2.7,2.07,1.28,1,1.07,1.67,1.25,1.17,1.15,2,0
62,205,400,428,528,8.71,6.5,3.07,2.78,1.78,3.23,1.71,1.25,1.29,1.12,2,0
114,214,250,264,350,4.92,5.42,5.35,4.92,5.57,0.72,1.1,1.34,1.62,1.51,2,0
36,93,95,114,135,8.85,8.71,8.14,8,7.92,3.42,2.3,2.6,2.32,2.1,2,0
414,464,542,600,642,7.42,7.21,7,7.07,6.57,0.76,1.11,1.17,1.21,1.28,2,0
120,116,171,247,378,8.21,7.85,7.21,6.21,3.42,1,1.62,1.36,1.18,1.04,2,0
100,150,235,342,478,9,8.5,7.71,6.64,5,1.14,1.19,1.52,1.21,1.12,2,0
292,328,292,300,314,6.14,6.78,5.85,5.92,5.57,0.56,0.65,1.22,1.86,2.3,2,0
192,192,250,307,414,7,6.28,5.07,4.71,3.14,0.59,1,1.31,1.37,1.28,2,0
100,114,185,250,278,8.92,8.85,8.14,7.5,7.21,1,1.38,1.35,1.68,2.16,1,0
121,128,242,192,314,8.71,8,7.07,7.85,6.92,1.36,1.95,1.3,2.01,1.54,2,0
164,235,300,369,400,8.57,7.92,7.57,6.43,6.71,1.17,1,1.5,1.43,1.43,2,0
107,264,371,450,542,8.64,5.35,5,4.36,3.71,1.07,1.05,1.25,1.22,1.4,2,0
207,207,257,250,271,8.21,8.35,7.71,7.71,7.92,1.79,1.72,1.86,2.14,2.18,2,0
157,285,321,400,500,8.35,7.85,7.21,6.64,5.78,1.04,1.23,1.6,1.75,1.74,2,0
121,164,200,271,392,8.78,8.43,7.85,7.14,6.14,1.88,1.48,1.79,1.71,1.38,1,0
121,192,300,428,535,8.78,8.07,5.85,5.21,4.78,0.88,0.93,1.05,0.93,1.01,1,0
185,328,378,471,478,7.92,5.78,5.07,4.71,4.7,1.74,1.37,1.85,1.85,2.09,1,0
100,107,157,200,292,8.92,9,8.14,7.5,6.57,1,1.33,1.64,1.89,2.37,1,0
307,485,500,514,671,7.07,5.21,5,4.35,3.28,1.88,1.14,1.06,1.23,0.86,2,0
114,164,292,371,514,8.78,8.42,7.42,6.85,5.42,1.96,2.04,1.44,1.46,1.29,2,0
385,378,328,407,364,5.78,5.92,5,4.93,5.14,0.46,0.96,1.66,1.47,1.73,2,0
192,350,392,478,535,8.64,7.28,5.35,5.57,4.21,1.04,0.94,1.13,1.31,1.28,1,0
471,414,450,521,528,8.21,7.93,7.57,6.64,6.14,0.61,1.14,1.4,1.29,1.46,1,0
200,214,250,300,378,8.92,8.57,7.35,5.71,6.71,1,1.33,1.71,1.88,1.62,1,0
315,321,371,578,576,7.78,6.85,6.28,6.07,5.71,0.68,1.16,1.6,1.27,1.31,1,0
107,178,342,414,550,9,8.21,5.85,4.92,3.64,1.6,1.56,1.04,1.48,1.32,2,0
114,178,307,400,592,8.92,8.21,6.57,5.78,4.42,1.82,1.84,1.84,1.91,1.58,1,0
264,278,375,371,421,7.85,7.28,6.78,6.92,6.71,0.46,0.69,0.82,1.17,1.14,2,0
100,128,171,221,271,7.85,6.64,5.78,5.42,5,1.28,1.67,2.88,2.55,2.21,2,0
100,185,278,385,514,9,8.14,7.28,6.21,4.85,2,1.85,1.62,1.61,1.44,2,0
128,221,228,300,335,8.21,7.42,7.78,7.28,7.42,1.45,1.23,2.04,1.64,2.13,1,0
150,200,300,314,407,8.64,8.57,7.78,6.85,6.28,1.19,1.11,1.12,1.66,1.68,1,0
188,396,371,403,392,8.69,6.78,5.71,5.7,5.14,0.85,0.77,1.33,1.16,1.55,1,0
